{"participant-num":2,"email":"rashid@gmail.com","ca-grid":{"1":false,"2":false,"3":true,"4":false,"5":false,"6":false,"7":false,"8":false,"single-var-one-time":0.10036666666666667,"single-var-all-time":0.031166666666666665,"double-var-time":0.03355},"vsup-bubble":{"9":true,"10":false,"11":true,"12":false,"13":false,"14":false,"15":false,"16":true,"single-var-one-time":0.020866666666666665,"single-var-all-time":0.015766666666666665,"double-var-time":0.031766666666666665},"ca-bubble":{"17":false,"18":false,"19":true,"20":false,"21":false,"22":false,"23":true,"24":false,"single-var-one-time":0.021133333333333334,"single-var-all-time":0.055683333333333335,"double-var-time":0.3029},"ca-sus":{"1":2,"2":1,"3":2,"4":1,"5":2,"6":2,"7":2,"8":1,"9":2,"10":2},"ca-nasa":{"1":13,"2":12,"3":13,"4":12,"5":13,"6":13},"vsup-grid":{"25":true,"26":true,"27":false,"28":false,"29":false,"30":false,"31":true,"32":false,"single-var-one-time":0.028666666666666667,"single-var-all-time":0.01525,"double-var-time":0.3022666666666667},"vsup-sus":{"1":1,"2":2,"3":3,"4":2,"5":3,"6":3,"7":2,"8":3,"9":2,"10":3},"vsup-nasa":{"1":14,"2":13,"3":15,"4":13,"5":14,"6":13}}