Participant #,ca-bubble,ca-grid,vsup-bubble,vsup-grid
1,17.202,42.518,107.123,83.613
2,17.202,42.518,107.123,83.613
3,2.1545666666666667,0,0,4.887133333333334
4,12.2,28.3,71.4,57.4
